{"x_mm": 4016.2213881410935, "y_mm": 3588.919476916726, "theta_deg": -95.01127075207478, "path_history": [[4000.0, 4000.0], [4005.0355451467112, 3924.270554460236], [4005.4613642476397, 3870.364952684031], [3998.746620321799, 3780.770095941989], [3997.576407620545, 3687.4031870895124], [3993.1829813691365, 3609.507312312053]], "saved_at": "20260402_233124"}