{"x_mm": 4003.591055178549, "y_mm": 4001.3135799206793, "theta_deg": -0.3696546982973814, "path_history": [[4000.0, 4000.0]], "saved_at": "20260407_111157"}