{"x_mm": 4011.731095787218, "y_mm": 4010.9480270296444, "theta_deg": -2.368976101224689, "path_history": [[4000.0, 4000.0]], "saved_at": "20260406_112001"}