{"x_mm": 3933.9833883215533, "y_mm": 3971.933723494226, "theta_deg": 41.0298307189305, "path_history": [[4000.0, 4000.0], [3957.2223643344614, 3957.330077615484], [3907.449065887863, 3988.534066703437], [3966.3231473193946, 3925.36083044281], [3932.453107159722, 3969.757598766887]], "saved_at": "20260406_112344"}