{"x_mm": 4101.35293062591, "y_mm": 4006.341397406277, "theta_deg": -77.0734182907745, "path_history": [[4000.0, 4000.0], [4048.1009845801964, 4016.753334688474], [3996.9211443962195, 4004.8519994705202], [4051.3715544043976, 4001.8771845480387], [4009.065532400166, 4040.6730923221858], [4051.852219279101, 4012.3055564273727], [4104.025938199777, 4006.911409308441]], "saved_at": "20260406_110724"}