{"x_mm": 1874.7614745469946, "y_mm": 2839.07723537568, "theta_deg": 143.50925650250247, "path_history": [[4000.0, 4000.0], [3894.1441932402086, 3576.434366268222], [3727.868697026861, 3540.6244465662894], [3426.225623420396, 3424.777123849708], [3267.910016789756, 3549.8245851656975], [2897.0022211638025, 3737.162382794486], [2765.439458270066, 3715.6051824669703], [2536.6372992605648, 3693.5783191453083], [2343.076995766114, 3455.395117266744], [2154.7616222932447, 3136.6590065459604], [1865.5876757636179, 2816.289961109578]], "saved_at": "20260407_113301"}