{"x_mm": 3807.8470059548636, "y_mm": 4064.824693377045, "theta_deg": 12.679857457821981, "path_history": [[4000.0, 4000.0], [4059.158380725421, 3983.912316513124], [4109.724519732845, 3982.8771140450044], [4055.998107952473, 3998.654219986747], [3997.447345270484, 4019.817804657032], [3947.3046395680285, 4026.8723637518633], [3878.7223708864985, 4039.481317681748], [3812.067422467044, 4044.076948908878], [3782.304130983721, 4097.7179720400045]], "saved_at": "20260402_224621"}