{"x_mm": 4018.9718999157776, "y_mm": 3974.9565542821074, "theta_deg": -1.1761573790136026, "path_history": [[4000.0, 4000.0], [4073.365645443846, 4011.3987349395757], [4027.9067114184727, 3977.0508582616458]], "saved_at": "20260407_112656"}