{"x_mm": 4127.223389814458, "y_mm": 4053.713789026642, "theta_deg": 61.673633486506674, "path_history": [[4000.0, 4000.0], [4056.976281990319, 3975.6751851309673], [4032.7514180892194, 4046.921727032168], [4039.350324453744, 4124.093263501709], [4041.5239759757696, 4202.288961352315], [4059.5318995060097, 4263.820568532901], [4080.1608835085517, 4317.793323837395], [4106.950989164807, 4384.0105781229795], [4074.2405147378577, 4301.566179987276], [4082.5864327343425, 4232.984604624653], [4079.164205720872, 4178.713030149993], [4116.618542761125, 4145.322945403359], [4167.801764857859, 4113.341256498461], [4213.4062613920605, 4087.1274544417247], [4149.735140467669, 4070.4074986771957]], "saved_at": "20260402_223536"}