{"x_mm": 4001.730692386627, "y_mm": 4000.6676494143903, "theta_deg": -0.24887856096029282, "path_history": [[4000.0, 4000.0]], "saved_at": "20260407_112215"}