{"x_mm": 3999.0220309933648, "y_mm": 4000.779079925269, "theta_deg": -0.007025683298707008, "path_history": [[4000.0, 4000.0]], "saved_at": "20260407_112515"}