{"x_mm": 4005.620943196118, "y_mm": 4001.2908345554024, "theta_deg": -0.09522696491330862, "path_history": [[4000.0, 4000.0]], "saved_at": "20260402_233007"}