{"x_mm": 4001.7069339752197, "y_mm": 3998.19054286927, "theta_deg": 0.1844622939825058, "path_history": [[4000.0, 4000.0]], "saved_at": "20260402_231415"}