{"x_mm": 4569.935026510342, "y_mm": 3681.5308643885032, "theta_deg": -102.61907073686075, "path_history": [[4000.0, 4000.0], [4048.6866714578355, 3980.1931977667664], [4090.13438338983, 3939.865306291449], [4106.674904481259, 3869.4502909695075], [4150.218139874585, 3844.6739214667105], [4201.09067127977, 3813.1733985346727], [4246.23305262702, 3782.3603626058684], [4287.9489677556085, 3748.592344457029], [4339.577069098403, 3728.0656263619676], [4411.457693938235, 3722.7366170141977], [4477.367621509427, 3709.9337456975263], [4421.56627238818, 3730.2460618631812], [4353.375983587637, 3746.5494389465675], [4261.333468891883, 3778.2976716787743], [4211.7218523847105, 3799.633825200908], [4140.942931660596, 3827.5287692204074], [4087.795673582207, 3848.244864324988], [4015.7566892091954, 3878.312186835308], [3932.7720600303683, 3909.3966217533193], [3994.1626760126046, 3893.279661571057], [4052.7377513193305, 3860.0979928458287], [4120.1452542518045, 3827.16070415662], [4164.299206105318, 3800.8663308082646], [4226.922748146138, 3776.2194181650443], [4293.255854415151, 3754.9410340554346], [4353.317251794346, 3732.6360346529214], [4402.868591428109, 3712.0008773881523], [4502.390679852528, 3699.6993418115267], [4552.239295259773, 3693.0887389376835]], "saved_at": "20260402_232701"}