{"x_mm": 3997.5300727412105, "y_mm": 4003.3016581088305, "theta_deg": 0.025012188125401735, "path_history": [[4000.0, 4000.0]], "saved_at": "20260407_112434"}