{"x_mm": 3963.7655795160754, "y_mm": 4000.820430922795, "theta_deg": -19.40899628606985, "path_history": [[4000.0, 4000.0], [3962.3151679837974, 3964.8281857955226], [3946.6935306920277, 3917.0731918131423], [3957.8238547053843, 4001.9925305166907]], "saved_at": "20260406_111534"}