{"x_mm": 3867.6644577228217, "y_mm": 4021.8366415548817, "theta_deg": 13.462336722868713, "path_history": [[4000.0, 4000.0], [3998.0593227957797, 4063.899811299024], [4009.847157873628, 4007.2062889899544], [4009.9303342756684, 4058.43543587759], [4021.434460430646, 4002.6558831349294], [4020.7711734941768, 3912.6680422731342], [4041.232479762948, 3816.477826632098], [4029.4368043154464, 3757.12765123032], [4005.926566654489, 3668.6749469387623], [3939.61592186879, 3500.6375795056274], [3970.4389726093723, 3598.3887444340044], [3921.8475177700384, 3557.8999969732367], [3974.811300967667, 3559.6608518799885], [4051.1574845359064, 3829.1830058153837], [4026.709137164835, 3898.935222154495], [3985.7502529548583, 3798.7028824284325], [3930.345332206889, 3773.1447205997656], [3956.7907814669525, 3711.758322130726], [4156.167704941436, 3799.222681357759], [3868.2460195666863, 4025.6442320609212]], "saved_at": "20260407_101757"}