{"x_mm": 4030.3517466780704, "y_mm": 4059.0598275725824, "theta_deg": -30.82854495978836, "path_history": [[4000.0, 4000.0], [4012.169774498966, 3934.1130983382754], [4021.3841168844965, 3884.7854269966774], [4007.0259461898104, 3984.724883648596], [3989.6789528144154, 4060.164606012131], [3980.2340117696303, 4127.290646359052], [3905.2970066783246, 4119.402074830668], [4043.7216243503144, 4103.824481101856]], "saved_at": "20260407_113227"}