{"x_mm": 4003.231235628482, "y_mm": 3999.439355218783, "theta_deg": 0.2873294800519943, "path_history": [[4000.0, 4000.0]], "saved_at": "20260402_230146"}