{"x_mm": 9619.084699147585, "y_mm": 1654.4165954483788, "theta_deg": -17.384868991758253, "path_history": [[4000.0, 4000.0], [4122.142870209427, 3916.430902014781], [4213.852987670725, 4259.893373127215], [4291.857842634818, 4767.760502507099], [4663.886707584061, 4878.990490898377], [5038.79317339788, 5124.41120516969], [5492.7434124988395, 5065.286617041511], [5649.983816128679, 4926.84929488687], [6194.61391975392, 4790.209500796573], [6691.751422334801, 5007.629804455155], [6929.101556668047, 5086.5700623388875], [6892.420819270319, 5140.510521616397], [6901.128904343477, 4940.45443677287], [6945.375085792966, 4971.336092506567], [7047.370513254191, 5018.040751063995], [7278.460655087019, 5149.326583280958], [7431.548174904947, 5267.6998547371795], [7432.119754229734, 5326.623907929638], [7491.8718508554775, 5352.614152827186], [7556.239739750254, 5338.163374703686], [7561.087864012529, 5393.3733704225915], [7567.215721435218, 5463.801896520704], [7653.66902897747, 5542.46570836101], [7710.587330597059, 5561.985484269712], [7642.018127746064, 5503.69754411247], [7667.8669589053015, 5606.025634477805], [7723.110559722932, 5500.609782561037], [7696.827666481636, 5448.971086660708], [7708.311354103876, 5393.1490479403465], [7715.3255843962825, 5343.319474879058], [7724.930740536161, 5276.626516134161], [7737.134991473226, 5223.252889727405], [7781.322814085229, 5174.06692013999], [7856.192682852793, 5167.934323213808], [7900.159065027196, 5248.743287764478], [7904.2467456985605, 5302.6526262164], [7838.485470309183, 5291.928156934841], [7802.756189627485, 5223.753960361751], [7916.011797180704, 5268.683879410196], [7962.593130964683, 5306.7970775164895], [8054.62478202478, 5330.514174581435], [8122.565846642624, 5360.641534089041], [8194.082103873166, 5285.180849986023], [8404.225894296338, 5016.722024647856], [8296.424439782073, 4759.811473680998], [8534.039241948427, 4869.928933174992], [8771.67002264157, 4930.461573549724], [8873.41351251796, 5038.733784058309], [8627.500682452024, 4757.62531826756], [8544.746061542333, 4567.262164452291], [8462.5475459148, 4244.163234387702], [8430.250407650397, 4084.6080065776505], [8423.31250387922, 3883.9475636442103], [8290.935467963369, 4106.332466479103], [8371.56485378489, 4194.667230431401], [8401.807144039572, 4380.332003791295], [8428.928041213454, 4295.407311875783], [8648.62107535571, 4323.82136907097], [8764.14783162743, 4262.246712554656], [8721.156582364143, 4339.37856804248], [8552.10580838591, 4246.940084059202], [8400.523706424952, 3714.912407124825], [8586.951898682833, 3594.3681353949387], [8783.0462603755, 3505.2622089408715], [8857.286921834544, 3522.2312340759117], [8760.841992722795, 3334.1622332357247], [9296.977608503745, 3083.4819864727933], [9235.517336280987, 3176.2438040472944], [9252.69846454446, 3051.9609760739286], [9340.510052295373, 3084.5258899279315], [9432.351812200592, 2825.9758033104617], [9221.571039633796, 2773.35786719475], [8965.410050230072, 2906.4434633836527], [9153.210508489952, 2842.341988651492], [9049.212436219183, 2641.1513907393555], [9321.479473849264, 2633.647192784224], [9105.070925717679, 2638.922001936112], [9318.749303968594, 2482.680075152416], [9427.760715635464, 2601.2713420229147], [9544.086439108447, 2559.958212894958], [9430.203751420573, 2666.897925061744], [9525.505236482219, 2614.8539163895066], [9667.331246634218, 2802.828272504371], [9871.365618308278, 2597.70851962046], [9928.50540240595, 2467.5044261641915], [9979.807409246656, 2413.939457459014], [10048.096721966955, 2471.2202035613473], [9969.316720565053, 2511.6536953278], [9977.865216483566, 2355.0105550117905], [9887.609830846282, 2477.699063045543], [9847.748354424926, 2555.4031991191323], [9820.312625517341, 2499.4080864615853], [9790.531682570669, 2281.260895056289], [10211.145992179605, 1644.5004732139523], [10283.929263356345, 1404.419606996339], [10194.023972305673, 1556.3129261858876], [10150.90934589805, 1427.5206536777432], [10133.12601700725, 1238.8767794497426], [10069.159400764125, 1409.277691019338], [10199.663327190297, 1383.8529324881847], [10394.274679872411, 1419.8540015868957], [10404.939534443634, 1280.0842760853584], [10474.497534076887, 1284.5511494927223], [10389.208335916715, 1430.986881142121], [10316.728572289663, 1596.2703930936868], [10255.303358028847, 1649.7829305730875], [10317.86425013395, 1457.027898987394], [10369.851689527946, 1307.717608173948], [10339.962007592636, 1416.4263832174356], [10419.71626977736, 1329.6049925290163], [10377.197189138475, 1038.8559671841676], [10319.596254334989, 1087.4077441893633], [10417.638474212232, 1082.2786076717193], [10422.573590160551, 1031.7102475814636], [10264.472198368254, 1124.5193048171814], [10187.130117298308, 1188.3559002332504], [10282.377835990133, 1149.9755634717758], [10310.615977526846, 987.0482935361679], [10193.73098302001, 1121.273304408055], [10262.299731255713, 1137.5024466566856], [10279.975983382406, 1247.5806860976036], [10343.539419652167, 1216.2525861315544], [10117.218151570502, 915.1953904681022], [10242.613187314215, 989.376929288369], [10191.978844882193, 1026.7101346306617], [10348.349854232016, 1067.6305888943489], [10444.218656302633, 891.7698739819343], [10425.072942556086, 806.3560901932533], [10531.666555510106, 804.9323267094906], [10417.5466204744, 846.9113117806728], [10540.282716856542, 1045.127428209048], [10428.410842524114, 1061.3269484393413], [10358.375033245626, 1033.3852267615612], [10515.048658357206, 696.6465986125286], [10547.042005763593, 855.2410996310527], [10456.887239472213, 947.7747796826179], [10432.577979819122, 1009.0571268253143], [10438.414041207376, 870.8081944637115], [10182.903967307153, 833.0318270973976], [10206.831135482731, 956.7821143917854], [10143.687602014485, 897.0095871739204], [10166.23755011076, 942.1248494438942], [10307.975201935711, 994.0841852478798], [10358.741824955883, 1060.1967810444648], [10470.666365952435, 864.5807384304817], [10244.569974274578, 822.0698504500206], [10273.750736446324, 962.9737167410667], [10152.825769663992, 771.7073230795677], [10229.00498348588, 917.5624805294092], [10353.747860969248, 901.6565832100923], [10338.007596017065, 839.635511001211], [10372.635803998652, 752.35817160235], [10379.727057994547, 694.0747055016573], [10318.171499551478, 857.5328978501375], [9917.744730294886, 756.7383440934236], [10004.236994565668, 649.7810083232935], [9940.689357624593, 787.7773287497575], [9897.078394399228, 851.7350676261003], [10071.025531993451, 811.8207020476575], [10243.706395731511, 1013.8478828385587], [10041.896202669683, 1106.5035952046628], [9884.005966291967, 1182.5417717710252], [9803.52810274178, 1181.2861387409384], [9787.432683513704, 1113.6471156753714], [9931.45668420309, 1169.987457201455], [9951.244187982025, 1318.565600321267], [9812.077832848969, 1300.7276169514398], [9779.666457207146, 1243.9726165985803], [9616.609189541283, 1459.6188596939783], [9553.75795129055, 1355.1345340466241], [9636.189093322697, 1292.6749426430206], [9791.138424606266, 1443.145044476364], [9686.909296245518, 1521.2014097279052], [9552.40148517603, 1535.6896090811233], [9750.213848681393, 1858.997746140335], [9598.59069415668, 1731.65737721381], [9689.960740295443, 1577.0731601422767], [9764.668485311064, 1439.0957373684387], [9857.90452041963, 1469.015561372612], [9929.513969806227, 1496.6358828848342], [9764.00255241731, 1365.512781173561], [9810.326599863562, 1238.5268497770767], [10118.625867155584, 1132.220061451767], [10161.419240919146, 1042.592718035553], [10266.313592878374, 819.6279156511764], [10061.43356987575, 894.4143939321975], [10199.08185133079, 1062.8489370947818], [10233.413837638887, 988.1924744254093], [10049.493692604097, 947.0407481795291], [10144.518773046526, 945.0066105952601], [10067.859129396471, 1160.6548802485804], [9917.27936693767, 1156.4015646955113], [10017.72608512381, 885.2549453755955], [10043.580499825272, 1102.9970308324437], [10080.833543625864, 958.6976786634068], 