{"x_mm": 6338.766162646007, "y_mm": 4252.199641109888, "theta_deg": 78.77664235332162, "path_history": [[4000.0, 4000.0], [3956.5220709133428, 3963.1383268279023], [3916.3185042969417, 4002.558707317803], [4112.973412842257, 4181.822893454228], [3998.225610575173, 4030.498095177245], [3805.2998388549895, 3769.734638742011], [3836.255089986662, 3719.7241217692863], [4010.6094151804655, 3692.694365735406], [3247.8297134144896, 4035.5936766334707], [2785.4341019218054, 4766.061721575716], [2923.8787512604404, 4849.466714333721], [3041.175908932587, 4831.204034274219], [3112.1283554585034, 4870.264167643859], [3170.434847915044, 4825.25524844807], [3084.4387502220798, 4811.890007132229], [3021.5733526114946, 4728.888681759622], [3121.6392778268073, 4815.460538675711], [3322.3204303715193, 4780.131611521233], [3154.7283767122735, 4851.996741928292], [3085.258952802951, 4833.7481368951785], [3028.381971488352, 4878.436107934072], [3058.5484164798345, 4919.232658407969], [3094.487732232892, 4954.313574237136], [3040.5284571187167, 4935.51103626142], [2995.268623085076, 4876.227487711554], [3088.8435525348996, 4837.112443146731], [3025.4222271325943, 4819.577157443569], [3066.415825375816, 4873.56875432161], [3133.6828676870255, 4889.781453706388], [3033.6882859372054, 4853.112594393138], [2875.821014788926, 4746.060053640218], [2873.6457237493596, 4798.286805356662], [2930.6899212810094, 4808.920041533753], [3008.2468378866906, 4815.0562830424005], [3079.7664544341387, 4832.07610968621], [3129.816943689366, 4834.15451770507], [3221.4873762015486, 4854.673437321804], [3290.196968318446, 4868.02178929957], [3375.318259035953, 4851.384181456666], [3430.7429851828374, 4836.612300053963], [3501.1523773932595, 4805.361024534937], [3541.077202864358, 4752.506582770053], [3614.890876718232, 4731.095005344156], [3694.7370277079926, 4669.837028195303], [3738.1766308639953, 4642.063200767421], [3903.2167501721005, 4686.669019149536], [4015.7475640231155, 4673.093865238894], [4053.231418987491, 4633.844634317626], [4139.5704306143325, 4604.338347478602], [4220.036918478365, 4633.166273250077], [4312.828860612864, 4681.968222544361], [4501.264640387455, 4706.832524433099], [4661.771617980923, 4725.090455740115], [4828.870978369889, 4739.922523121873], [4886.75173885764, 4747.782208344375], [4994.870128943296, 4747.965599464311], [5102.488537219471, 4730.181108888297], [5216.900402154863, 4740.887608260033], [5276.026121656616, 4751.994590528062], [5386.588806100337, 4728.405473452454], [5493.579063774234, 4768.324149558481], [5642.420997354349, 4763.259777771469], [5689.005633743147, 4808.37530221716], [5822.286020696412, 4833.896696594735], [5958.414757245793, 4853.451438652615], [5913.595359452176, 4804.757117729519], [5968.661634647162, 4845.8639662751975], [6020.057146274359, 4882.087513808352], [5987.097247239819, 4839.799768346989], [6076.305200925946, 4879.34457035181], [6008.510675461241, 4796.784019831381], [5977.200515596871, 4717.845708307055], [5957.680723626856, 4802.159530989144], [6004.2802877759295, 4885.34553013115], [5889.008487264993, 4725.929100533091], [5833.2698361654475, 4672.975464232428], [5799.170055430397, 4610.208353248441], [5844.887156342258, 4640.2761777261785], [5918.209149789993, 4659.160728274861], [5965.251588525654, 4683.744473164103], [6019.580232375406, 4733.733417552417], [6065.987522461469, 4883.586149859371], [5938.938014288683, 4849.636782466592], [6040.511673428514, 4989.739090501649], [5974.932805840322, 4938.35447348593], [5928.976395064196, 4883.334580870547], [5791.895307470727, 4791.720931899004], [5727.12842445882, 4562.587596810959], [5756.45226992523, 4392.420081459755], [5767.454922349807, 4529.2208493223425], [5832.282656581756, 4641.063720034623], [5942.891628458838, 4800.975923983975], [6063.64625826458, 4936.45373820637], [6014.967702179947, 4899.731194324164], [5920.411829105378, 4819.018776857598], [5792.797355740131, 4526.316373763444], [5793.092229120466, 4452.685453754617], [5852.410282016299, 4470.334500825498], [5960.28732928311, 4605.629136978183], [5775.674731059498, 4381.811208660889], [5904.553194095151, 4697.639670599761], [5966.478039699668, 4789.453546258897], [5912.533949903027, 4726.875921456536], [6021.233126525785, 4855.485100785023], [5844.209661869845, 4695.019085652762], [5736.283942070022, 4520.754938442275], [5779.159544344238, 4366.543755873005], [5816.2400232838445, 4423.342119328532], [5867.753974504685, 4374.699545335403], [6006.116946878992, 4433.705346883886], [6248.547552097389, 4403.227374407339], [6355.044068983207, 4430.602299018989], [6316.947132615078, 4371.155324832995], [6214.983874947702, 4321.785874880203], [6254.391982160396, 4387.3889667972035], [6231.035292592369, 4298.262838134593], [6270.487037447983, 4219.41064252756], [6324.259964383909, 4213.535282702702], [6387.218550454363, 4187.568691275061], [6338.766162646007, 4252.199641109888]], "saved_at": "20260324_114658"}