{"x_mm": 1294.0416678767178, "y_mm": 6854.643830098394, "theta_deg": 25.551003916236823, "path_history": [[4000.0, 4000.0], [4138.2385783828795, 3966.17174744606], [4034.175740343926, 4065.233806730248], [4064.31072616906, 4165.983510087972], [4057.779906133146, 4226.040360536717], [4050.944515338415, 4427.063001568604], [3795.3781694381178, 4523.459126304078], [3920.5762963640154, 4437.878251039365], [3817.1490341614117, 4478.196499518526], [3867.969637729402, 4447.104661342746], [3613.030150033046, 4335.457237387163], [3395.12655098315, 4473.860644810338], [2799.7038177141803, 4468.764996728714], [2658.3514063080656, 4555.181325985905], [2238.0391446800786, 5097.4364319954475], [1573.8730791706985, 5704.581141332437], [1398.580859307367, 6125.643020129337], [1525.4017288882096, 6138.735684813855], [1469.6372271542714, 6186.987612548091], [1453.792585467636, 6765.05258616553], [1396.8790844433897, 6822.810141858918], [1330.1273966762892, 6896.992762436548], [1266.5813531721142, 6919.540330255222], [1211.5843027329902, 6944.384884675492], [1225.3653577227851, 6891.892418106909], [1254.871675969025, 6843.763291379037]], "saved_at": "20260324_114017"}